{
  "episode": 20,
  "best_eval_reward": 644.2088136586702,
  "total_episodes": 20,
  "epsilon": 0.05,
  "timestamp": 1768713511.3694952
}