{
  "episode": 25,
  "best_eval_reward": 644.2088136586702,
  "total_episodes": 25,
  "epsilon": 0.05,
  "timestamp": 1768713514.0566397
}