{
  "episode": 50,
  "best_eval_reward": 644.2088136586702,
  "total_episodes": 50,
  "epsilon": 0.05,
  "timestamp": 1768713522.314016
}