{
  "train_rewards": [
    290.1101890395185,
    294.00652453028573,
    388.1215738338165,
    407.31238954046034,
    423.7020260418108,
    537.3534436012983,
    575.3613191329024,
    520.0702348643337,
    589.5927751828958,
    615.6649669792912,
    625.9309479109758,
    559.3534752018938,
    609.0985057342712,
    627.239212471597,
    596.942592860157,
    634.7500314416134,
    641.9549965222483,
    624.9060761278329,
    601.0869893496614,
    610.0589342254476,
    617.6500843397142,
    602.4749259517736,
    554.1513745271062,
    617.4007786945715,
    632.4609691371448,
    629.0148503036908,
    637.4562036409508,
    619.3605129488976,
    625.0904135964428,
    602.528668463233,
    624.9493490427194,
    559.9565681517184,
    629.4614841759563,
    613.4295342488167,
    619.2244591711617,
    607.4439358563196,
    599.497693504778,
    626.9313762856555,
    602.0889671743681,
    585.4718617690331,
    623.2915222411597,
    620.3753062385128,
    640.5562905606298,
    567.096053473136,
    590.9688112177323,
    591.40233990463,
    639.2524815922403,
    610.0530323406847,
    623.9185852935125,
    627.0488861972133,
    590.7806159022807,
    614.6443460528028,
    612.6316536472506,
    628.0104071027112,
    635.2593883306487,
    643.5610701952854,
    623.7927002607626,
    586.667563204675,
    600.6010886233273,
    622.2614517226831,
    625.9281587373641,
    613.6719815692238,
    625.9394763109802,
    581.2842670256988,
    589.4663315175377,
    560.6175686654568,
    592.4090325567261,
    631.266021680296,
    611.116157849129,
    637.4562036409508,
    628.40474945195,
    625.23104450154,
    628.075786107978,
    641.8235384142945,
    572.9992906979488
  ],
  "train_lengths": [
    50,
    50,
    50,
    50,
    50,
    50,
    50,
    50,
    50,
    50,
    50,
    50,
    50,
    50,
    50,
    50,
    50,
    50,
    50,
    50,
    50,
    50,
    50,
    50,
    50,
    50,
    50,
    50,
    50,
    50,
    50,
    50,
    50,
    50,
    50,
    50,
    50,
    50,
    50,
    50,
    50,
    50,
    50,
    50,
    50,
    50,
    50,
    50,
    50,
    50,
    50,
    50,
    50,
    50,
    50,
    50,
    50,
    50,
    50,
    50,
    50,
    50,
    50,
    50,
    50,
    50,
    50,
    50,
    50,
    50,
    50,
    50,
    50,
    50,
    50
  ],
  "eval_rewards": [
    644.2088136586702,
    627.0246025301486,
    633.8721907763982
  ],
  "eval_episodes": [
    20,
    40,
    60
  ],
  "losses": [
    36.18048791627626,
    11.852280197143555,
    7.923944787979126,
    7.598238635063171,
    7.102573103904724,
    7.928306350708008,
    7.47830039024353,
    7.344228649139405,
    7.302986783981323,
    7.243646259307861,
    8.220444116592407,
    7.9520418834686275,
    7.864784183502198,
    7.914077472686768,
    7.531954545974731,
    7.837016134262085,
    7.695389623641968,
    7.823494853973389,
    7.829370279312133,
    7.775569124221802,
    63.449942445755006,
    22.721764640808104,
    19.61052236557007,
    19.529594554901124,
    18.358593006134033,
    17.661253490447997,
    17.46595676422119,
    16.74338499069214,
    16.360700874328614,
    14.952776584625244,
    15.556802616119384,
    14.714054374694824,
    14.257472972869873,
    14.717573432922363,
    14.776747741699218,
    14.71376085281372,
    14.221811561584472,
    13.861523170471191,
    13.211514434814454,
    13.677469444274902,
    52.05315879821777,
    26.263921165466307,
    23.663284759521485,
    23.856610355377196,
    22.690180644989013,
    22.684062519073485,
    21.91102066040039,
    20.74110523223877,
    20.749014434814452,
    14.65167659037822,
    10.924416170120239,
    9.87351939201355,
    10.576547441482544,
    10.729994859695434,
    11.275772657394409,
    10.939638442993164,
    10.499338960647583,
    12.777225131988525,
    13.154066705703736,
    14.008324480056762,
    35.77588225364685,
    30.665020523071288,
    29.55020362854004,
    27.674159126281737,
    26.183406887054442,
    25.71524574279785,
    27.009487438201905,
    27.244210891723633,
    24.25487352371216,
    25.35480968475342,
    24.60787706375122,
    24.895114135742187,
    26.581107330322265
  ],
  "epsilons": [
    1.0,
    0.8307187014821328,
    0.6465587967553006,
    0.5032248303978422,
    0.39166620452737816,
    0.30483872516307353,
    0.23725980767521673,
    0.1846622876013121,
    0.14372497725712216,
    0.11186295456362313,
    0.08706434220766679,
    0.0677632708131484,
    0.052741004581916356,
    0.05,
    0.05,
    0.05,
    0.05,
    0.05,
    0.05,
    0.05,
    0.05,
    0.05,
    0.05,
    0.05,
    0.05,
    0.05,
    0.05,
    0.05,
    0.05,
    0.05,
    0.05,
    0.05,
    0.05,
    0.05,
    0.05,
    0.05,
    0.05,
    0.05,
    0.05,
    0.05,
    0.05,
    0.05,
    0.05,
    0.05,
    0.05,
    0.05,
    0.05,
    0.05,
    0.05,
    0.05,
    0.05,
    0.05,
    0.05,
    0.05,
    0.05,
    0.05,
    0.05,
    0.05,
    0.05,
    0.05,
    0.05,
    0.05,
    0.05,
    0.05,
    0.05,
    0.05,
    0.05,
    0.05,
    0.05,
    0.05,
    0.05,
    0.05,
    0.05,
    0.05,
    0.05
  ],
  "q_values": [
    28.324212564004434,
    28.462441635131835,
    28.578265914916994,
    28.672140884399415,
    28.64060272216797,
    28.474150352478027,
    28.373455657958985,
    28.32326114654541,
    27.976866683959962,
    28.07702075958252,
    27.96190647125244,
    29.92134349822998,
    34.886901473999025,
    35.96255989074707,
    36.34713150024414,
    36.779620056152346,
    37.04788383483887,
    37.21424255371094,
    37.2674600982666,
    37.36201942443848,
    37.7310669708252,
    37.69876731872559,
    37.6870645904541,
    37.54606719970703
  ]
}