{
  "train_rewards": [
    577.0497536064935,
    605.953706885359,
    487.4878919808018,
    502.82086794096614,
    532.3634373515921,
    498.16429493947777,
    535.1148675782342,
    502.3271202471374,
    584.2109899042487,
    550.4265762134704,
    681.6503767895789,
    648.8752959755808,
    554.1786755345413,
    567.8379239450702,
    527.1461384607251,
    632.6730811766736,
    471.9543434055384,
    596.9486519733985,
    532.8059955439078,
    635.1834233981319
  ],
  "train_lengths": [
    100,
    100,
    100,
    100,
    100,
    100,
    100,
    100,
    100,
    100,
    100,
    100,
    100,
    100,
    100,
    100,
    100,
    100,
    100,
    100
  ],
  "eval_rewards": [],
  "eval_episodes": [],
  "losses": [
    9.31872682474755,
    1.2458960130810737,
    1.1323256647586823,
    1.0696925416588783,
    1.2501818859577178,
    1.097030410170555,
    1.028672732114792,
    1.152898080945015,
    1.017427354156971,
    1.099979092478752,
    17.28363416194916,
    6.530338821411132,
    3.9832229447364806,
    3.555344703197479,
    3.444044269323349,
    3.1017160487174986,
    3.4133404219150543,
    3.266183820962906,
    3.418055446147919,
    2.9912992787361143
  ],
  "epsilons": [
    0.9982975378667374,
    0.9937107773212417,
    0.9891450910261604,
    0.9846003821541086,
    0.9800765543225827,
    0.9755735115919164,
    0.9710911584632451,
    0.9666293998764834,
    0.9621881412083066,
    0.9577672882701443,
    0.9533667473061831,
    0.9489864249913784,
    0.9446262284294762,
    0.9402860651510413,
    0.9359658431114962,
    0.931665470689172,
    0.9273848566833617,
    0.9231239103123874,
    0.9188825412116751,
    0.914660659431838
  ],
  "q_values": [
    5.052312013265249,
    5.22919198513031,
    5.4818759059906,
    5.5207141542434695,
    5.601533660888672,
    5.607444586753846,
    5.6492077302932735,
    5.677560434341431,
    5.738606848716736,
    5.721187887191772,
    9.516901535987854,
    17.545717000961304,
    17.634306602478027,
    17.6727339553833,
    17.651395874023436,
    17.74840353012085,
    17.74633108139038,
    17.596573600769045,
    17.75714818954468,
    17.613636474609375
  ]
}