{
  "train_rewards": [
    290.1101890395185,
    294.00652453028573,
    388.1215738338165,
    407.31238954046034,
    423.7020260418108,
    537.3534436012983,
    575.3613191329024,
    520.0702348643337,
    589.5927751828958,
    615.6649669792912,
    625.9309479109758,
    559.3534752018938,
    609.0985057342712,
    627.239212471597,
    596.942592860157,
    634.7500314416134,
    641.9549965222483,
    624.9060761278329,
    601.0869893496614,
    610.0589342254476,
    617.6500843397142,
    602.4749259517736,
    554.1513745271062,
    617.4007786945715,
    632.4609691371448,
    629.0148503036908,
    637.4562036409508,
    619.3605129488976,
    625.0904135964428,
    602.528668463233,
    624.9493490427194,
    559.9565681517184,
    629.4614841759563,
    613.4295342488167,
    619.2244591711617,
    607.4439358563196,
    599.497693504778,
    626.9313762856555,
    602.0889671743681,
    585.4718617690331,
    623.2915222411597,
    620.3753062385128,
    640.5562905606298,
    567.096053473136,
    590.9688112177323,
    591.40233990463,
    639.2524815922403,
    610.0530323406847,
    623.9185852935125,
    627.0488861972133
  ],
  "train_lengths": [
    50,
    50,
    50,
    50,
    50,
    50,
    50,
    50,
    50,
    50,
    50,
    50,
    50,
    50,
    50,
    50,
    50,
    50,
    50,
    50,
    50,
    50,
    50,
    50,
    50,
    50,
    50,
    50,
    50,
    50,
    50,
    50,
    50,
    50,
    50,
    50,
    50,
    50,
    50,
    50,
    50,
    50,
    50,
    50,
    50,
    50,
    50,
    50,
    50,
    50
  ],
  "eval_rewards": [
    644.2088136586702,
    627.0246025301486
  ],
  "eval_episodes": [
    20,
    40
  ],
  "losses": [
    36.18048791627626,
    11.852280197143555,
    7.923944787979126,
    7.598238635063171,
    7.102573103904724,
    7.928306350708008,
    7.47830039024353,
    7.344228649139405,
    7.302986783981323,
    7.243646259307861,
    8.220444116592407,
    7.9520418834686275,
    7.864784183502198,
    7.914077472686768,
    7.531954545974731,
    7.837016134262085,
    7.695389623641968,
    7.823494853973389,
    7.829370279312133,
    7.775569124221802,
    63.449942445755006,
    22.721764640808104,
    19.61052236557007,
    19.529594554901124,
    18.358593006134033,
    17.661253490447997,
    17.46595676422119,
    16.74338499069214,
    16.360700874328614,
    14.952776584625244,
    15.556802616119384,
    14.714054374694824,
    14.257472972869873,
    14.717573432922363,
    14.776747741699218,
    14.71376085281372,
    14.221811561584472,
    13.861523170471191,
    13.211514434814454,
    13.677469444274902,
    52.05315879821777,
    26.263921165466307,
    23.663284759521485,
    23.856610355377196,
    22.690180644989013,
    22.684062519073485,
    21.91102066040039,
    20.74110523223877,
    20.749014434814452
  ],
  "epsilons": [
    1.0,
    0.8307187014821328,
    0.6465587967553006,
    0.5032248303978422,
    0.39166620452737816,
    0.30483872516307353,
    0.23725980767521673,
    0.1846622876013121,
    0.14372497725712216,
    0.11186295456362313,
    0.08706434220766679,
    0.0677632708131484,
    0.052741004581916356,
    0.05,
    0.05,
    0.05,
    0.05,
    0.05,
    0.05,
    0.05,
    0.05,
    0.05,
    0.05,
    0.05,
    0.05,
    0.05,
    0.05,
    0.05,
    0.05,
    0.05,
    0.05,
    0.05,
    0.05,
    0.05,
    0.05,
    0.05,
    0.05,
    0.05,
    0.05,
    0.05,
    0.05,
    0.05,
    0.05,
    0.05,
    0.05,
    0.05,
    0.05,
    0.05,
    0.05,
    0.05
  ],
  "q_values": [
    3.182305951376219,
    7.046171598434448,
    7.55170506477356,
    7.531996603012085,
    7.62419285774231,
    7.5421310138702395,
    7.6818519115448,
    7.696600046157837,
    7.615706100463867,
    7.689215688705445,
    7.704015436172486,
    7.655554399490357,
    7.7032481384277345,
    7.635562620162964,
    7.507523279190064,
    7.566633968353272,
    7.524549560546875,
    7.6641036224365235,
    7.674335212707519,
    7.7463947200775145,
    10.18779998779297,
    16.853579711914062,
    17.87646598815918,
    18.37010810852051,
    18.5435982131958,
    18.571002807617187,
    18.412083015441894,
    18.680900955200194,
    18.771411209106446,
    18.91730842590332,
    18.787924766540527,
    19.003446655273436,
    18.975419273376463,
    18.748470268249513,
    18.673627433776854,
    18.772733879089355,
    18.867973823547363,
    19.02930835723877,
    19.034869270324705,
    18.98506114959717,
    21.899085960388184,
    27.10921157836914,
    27.660512199401854,
    27.895099411010744,
    28.125275230407716,
    27.972649765014648,
    28.235294036865234,
    28.53854145050049,
    28.70309726715088
  ]
}